{
  "links":[
    {
      "rel":[
        "self"
      ],
      "href":"https://api-integration.viessmann-platform.io/operational-data/installations/22/gateways/7123456789123456/devices/0/features/heating.dhw.schedule"
    },
    {
      "rel":[
        "up"
      ],
      "href":"https://api-integration.viessmann-platform.io/operational-data/installations/22/gateways/7123456789123456/devices/0/features"
    },
    {
      "rel":[
        "http://schema.viessmann.com/link-relations#live-updates"
      ],
      "href":"/operational-data/installations/22/gateways/7123456789123456/devices/0/features/heating.dhw.schedule"
    },
    {
      "rel":[
        "via"
      ],
      "href":"http://evx4sf.northeurope.cloudapp.azure.com:19081/Viessmann.Estrella.ServiceFabric/Equipment/v1.0/installations/22/gateways/7123456789123456/devices/0/features/heating.dhw.schedule"
    }
  ],
  "class":[
    "heating.dhw.schedule",
    "feature"
  ],
  "properties":{
    "active":{
      "type":"boolean",
      "value":true
    },
    "entries":{
      "type":"Schedule",
      "value":{
        "mon":[
          {
            "start":"08:30",
            "end":"18:00",
            "mode":"top",
            "position":0
          }
        ],
        "tue":[
          {
            "start":"00:00",
            "end":"02:10",
            "mode":"normal",
            "position":0
          },
          {
            "start":"05:00",
            "end":"08:20",
            "mode":"top",
            "position":1
          },
          {
            "start":"09:00",
            "end":"12:20",
            "mode":"normal",
            "position":2
          }
        ],
        "wed":[
          {
            "start":"00:00",
            "end":"02:10",
            "mode":"top",
            "position":0
          },
          {
            "start":"05:00",
            "end":"07:20",
            "mode":"top",
            "position":1
          }
        ],
        "thu":[
          {
            "start":"00:00",
            "end":"24:00",
            "mode":"top",
            "position":0
          }
        ],
        "fri":[
          {
            "start":"00:00",
            "end":"24:00",
            "mode":"top",
            "position":0
          }
        ],
        "sat":[
          {
            "start":"00:00",
            "end":"24:00",
            "mode":"top",
            "position":0
          }
        ],
        "sun":[
          {
            "start":"00:00",
            "end":"02:10",
            "mode":"top",
            "position":0
          },
          {
            "start":"05:00",
            "end":"07:20",
            "mode":"top",
            "position":1
          }
        ]
      }
    }
  },
  "entities":[
    {
      "rel":[
        "http://schema.viessmann.com/link-relations#feature-meta-information"
      ],
      "properties":{
        "apiVersion":1,
        "isEnabled":true,
        "isReady":true,
        "gatewayId":"7123456789123456",
        "feature":"heating.dhw.schedule",
        "uri":"/v1/gateways/7123456789123456/devices/0/features/heating.dhw.schedule",
        "deviceId":"0",
        "timestamp":"2018-05-15T09:52:26.027Z"
      }
    }
  ],
  "actions":[
    {
      "method":"POST",
      "isExecutable":true,
      "href":"https://api-integration.viessmann-platform.io/operational-data/installations/22/gateways/7123456789123456/devices/0/features/heating.dhw.schedule/setSchedule",
      "name":"setSchedule",
      "title":"setSchedule",
      "fields":[
        {
          "name":"newSchedule",
          "required":true,
          "type":"Schedule",
          "maxEntries":8,
          "resolution":10,
          "modes":[
            "top",
            "normal",
            "temp-2"
          ],
          "defaultMode":"standby"
        }
      ],
      "type":"application/json"
    }
  ]
}