{
  "actions": [],
  "links": [
    {
      "rel": [
        "self"
      ],
      "href": "http://0.0.0.0:8082/operational-data/installations/demo/gateways/7123456789123456/features/gateway.devices"
    },
    {
      "rel": [
        "up"
      ],
      "href": "http://0.0.0.0:8082/operational-data/installations/demo/gateways/7123456789123456/features"
    },
    {
      "rel": [
        "http://schema.viessmann.com/link-relations#live-updates"
      ],
      "href": "/operational-data/installations/demo/gateways/7123456789123456/features/gateway.devices"
    },
    {
      "rel": [
        "via"
      ],
      "href": "https://staging-estrella.viessmann-platform.io/estrella/rest/v1.0/installations/demo/gateways/7123456789123456/features/gateway.devices"
    }
  ],
  "properties": {
    "devices": {
      "value": [
        {
          "id": "0",
          "fingerprint": "gg:20,gk:4b,si:11,esi:65535",
          "status": "online",
          "modelId": "CU401B_G",
          "modelVersion": "2017-07-20-12-50-18-952",
          "type": "heating",
          "name": "VT 200 (WO1C)"
        }
      ],
      "type": "DeviceList"
    }
  },
  "entities": [
    {
      "rel": [
        "http://schema.viessmann.com/link-relations#feature-meta-information"
      ],
      "properties": {
        "apiVersion": 1,
        "isEnabled": true,
        "isReady": true,
        "gatewayId": "7123456789123456",
        "timestamp": "2017-12-22T12:19:05.613Z",
        "uri": "/v1/gateways/7123456789123456/features/gateway.devices",
        "feature": "gateway.devices"
      }
    }
  ],
  "class": [
    "gateway.devices",
    "feature"
  ]
}