{
  "actions": [
    {
      "isExecutable": true,
      "href": "http://0.0.0.0:8082/operational-data/installations/demo/gateways/7123456789123456/features/gateway.status/reboot",
      "method": "POST",
      "title": "reboot",
      "name": "reboot"
    }
  ],
  "links": [
    {
      "rel": [
        "self"
      ],
      "href": "http://0.0.0.0:8082/operational-data/installations/demo/gateways/7123456789123456/features/gateway.status"
    },
    {
      "rel": [
        "up"
      ],
      "href": "http://0.0.0.0:8082/operational-data/installations/demo/gateways/7123456789123456/features"
    },
    {
      "rel": [
        "http://schema.viessmann.com/link-relations#live-updates"
      ],
      "href": "/operational-data/installations/demo/gateways/7123456789123456/features/gateway.status"
    },
    {
      "rel": [
        "via"
      ],
      "href": "https://staging-estrella.viessmann-platform.io/estrella/rest/v1.0/installations/demo/gateways/7123456789123456/features/gateway.status"
    }
  ],
  "properties": {
    "online": {
      "value": true,
      "type": "boolean"
    }
  },
  "entities": [
    {
      "rel": [
        "http://schema.viessmann.com/link-relations#feature-meta-information"
      ],
      "properties": {
        "apiVersion": 1,
        "isEnabled": true,
        "isReady": true,
        "gatewayId": "7123456789123456",
        "timestamp": "2017-12-22T12:19:05.613Z",
        "uri": "/v1/gateways/7123456789123456/features/gateway.status",
        "feature": "gateway.status"
      }
    }
  ],
  "class": [
    "gateway.status",
    "feature"
  ]
}