{
  "actions": [
    {
      "isExecutable": true,
      "href": "http://0.0.0.0:8082/operational-data/installations/demo/gateways/7123456789123456/features/gateway.firmware/update",
      "method": "POST",
      "title": "update",
      "name": "update",
      "fields": [
        {
          "name": "version",
          "type": "string",
          "required": true,
          "regEx": "/([0-9]+)\\.([0-9]+)\\.([0-9]+)(?:(\\-[0-9A-Za-z-]+(?:\\.[0-9A-Za-z-]+)*))?(?:\\+[0-9A-Za-z-\\-\\.]+)?/"
        },
        {
          "name": "updateUrl",
          "type": "string",
          "required": true
        }
      ]
    }
  ],
  "links": [
    {
      "rel": [
        "self"
      ],
      "href": "http://0.0.0.0:8082/operational-data/installations/demo/gateways/7123456789123456/features/gateway.firmware"
    },
    {
      "rel": [
        "up"
      ],
      "href": "http://0.0.0.0:8082/operational-data/installations/demo/gateways/7123456789123456/features"
    },
    {
      "rel": [
        "http://schema.viessmann.com/link-relations#live-updates"
      ],
      "href": "/operational-data/installations/demo/gateways/7123456789123456/features/gateway.firmware"
    },
    {
      "rel": [
        "via"
      ],
      "href": "https://staging-estrella.viessmann-platform.io/estrella/rest/v1.0/installations/demo/gateways/7123456789123456/features/gateway.firmware"
    }
  ],
  "properties": {
    "version": {
      "value": "1.2.0",
      "type": "string"
    },
    "updateStatus": {
      "value": "idle",
      "type": "string"
    }
  },
  "entities": [
    {
      "rel": [
        "http://schema.viessmann.com/link-relations#feature-meta-information"
      ],
      "properties": {
        "apiVersion": 1,
        "isEnabled": true,
        "isReady": true,
        "gatewayId": "7123456789123456",
        "timestamp": "2017-12-22T12:19:05.613Z",
        "uri": "/v1/gateways/7123456789123456/features/gateway.firmware",
        "feature": "gateway.firmware"
      }
    }
  ],
  "class": [
    "gateway.firmware",
    "feature"
  ]
}