{
  "actions": [
    {
      "isExecutable": true,
      "href": "http://0.0.0.0:8082/operational-data/installations/demo/gateways/7123456789123456/features/gateway.logLevel/setLogLevel",
      "method": "POST",
      "title": "setLogLevel",
      "name": "setLogLevel",
      "fields": [
        {
          "name": "version",
          "type": "number",
          "required": true,
          "enum": [
            2,
            3,
            4,
            5,
            6
          ]
        }
      ]
    }
  ],
  "links": [
    {
      "rel": [
        "self"
      ],
      "href": "http://0.0.0.0:8082/operational-data/installations/demo/gateways/7123456789123456/features/gateway.logLevel"
    },
    {
      "rel": [
        "up"
      ],
      "href": "http://0.0.0.0:8082/operational-data/installations/demo/gateways/7123456789123456/features"
    },
    {
      "rel": [
        "http://schema.viessmann.com/link-relations#live-updates"
      ],
      "href": "/operational-data/installations/demo/gateways/7123456789123456/features/gateway.logLevel"
    },
    {
      "rel": [
        "via"
      ],
      "href": "https://staging-estrella.viessmann-platform.io/estrella/rest/v1.0/installations/demo/gateways/7123456789123456/features/gateway.logLevel"
    }
  ],
  "properties": {
    "level": {
      "value": 3,
      "type": "number"
    }
  },
  "entities": [
    {
      "rel": [
        "http://schema.viessmann.com/link-relations#feature-meta-information"
      ],
      "properties": {
        "apiVersion": 1,
        "isEnabled": true,
        "isReady": true,
        "gatewayId": "7123456789123456",
        "timestamp": "2017-12-22T12:19:05.613Z",
        "uri": "/v1/gateways/7123456789123456/features/gateway.logLevel",
        "feature": "gateway.logLevel"
      }
    }
  ],
  "class": [
    "gateway.logLevel",
    "feature"
  ]
}