{
  "actions": [],
  "links": [
    {
      "rel": [
        "self"
      ],
      "href": "http://0.0.0.0:8082/operational-data/installations/demo/gateways/7123456789123456/devices/0/features/heating.circuits.0.heating"
    },
    {
      "rel": [
        "up"
      ],
      "href": "http://0.0.0.0:8082/operational-data/installations/demo/gateways/7123456789123456/devices/0/features"
    },
    {
      "rel": [
        "http://schema.viessmann.com/link-relations#live-updates"
      ],
      "href": "/operational-data/installations/demo/gateways/7123456789123456/devices/0/features/heating.circuits.0.heating"
    },
    {
      "rel": [
        "via"
      ],
      "href": "https://staging-estrella.viessmann-platform.io/estrella/rest/v1.0/installations/demo/gateways/7123456789123456/devices/0/features/heating.circuits.0.heating"
    }
  ],
  "properties": {},
  "entities": [
    {
      "rel": [
        "http://schema.viessmann.com/link-relations#feature-meta-information"
      ],
      "properties": {
        "apiVersion": 1,
        "isEnabled": true,
        "isReady": true,
        "gatewayId": "7123456789123456",
        "timestamp": "2017-12-22T12:19:05.613Z",
        "uri": "/v1/gateways/7123456789123456/devices/0/features/heating.circuits.0.heating",
        "feature": "heating.circuits.0.heating",
        "deviceId": "0"
      }
    },
    {
      "rel": [
        "http://schema.viessmann.com/link-relations#0",
        "http://schema.viessmann.com/link-relations#feature-component"
      ],
      "href": "http://0.0.0.0:8082/operational-data/installations/demo/gateways/7123456789123456/devices/0/features/heating.circuits.0.heating.0"
    },
    {
      "rel": [
        "http://schema.viessmann.com/link-relations#1",
        "http://schema.viessmann.com/link-relations#feature-component"
      ],
      "href": "http://0.0.0.0:8082/operational-data/installations/demo/gateways/7123456789123456/devices/0/features/heating.circuits.0.heating.1"
    },
    {
      "rel": [
        "http://schema.viessmann.com/link-relations#feature-components"
      ],
      "properties": {
        "components": [
          "curve",
          "schedule"
        ]
      }
    }
  ],
  "class": [
    "heating.circuits.0.heating",
    "feature"
  ]
}