{
  "actions": [
    {
      "isExecutable": true,
      "fields": [
        {
          "enum": [
            "standby",
            "dhw",
            "dhwAndHeating",
            "forcedReduced",
            "forcedNormal"
          ],
          "type": "string",
          "name": "mode",
          "required": true
        }
      ],
      "href": "http://0.0.0.0:8082/operational-data/installations/291/gateways/7123456789123456/devices/0/features/heating.circuits.1.operating.modes.active/setMode",
      "method": "POST",
      "title": "setMode",
      "name": "setMode"
    }
  ],
  "links": [
    {
      "rel": [
        "self"
      ],
      "href": "http://0.0.0.0:8082/operational-data/installations/291/gateways/7123456789123456/devices/0/features/heating.circuits.1.operating.modes.active"
    },
    {
      "rel": [
        "up"
      ],
      "href": "http://0.0.0.0:8082/operational-data/installations/291/gateways/7123456789123456/devices/0/features"
    },
    {
      "rel": [
        "http://schema.viessmann.com/link-relations#live-updates"
      ],
      "href": "/operational-data/installations/291/gateways/7123456789123456/devices/0/features/heating.circuits.1.operating.modes.active"
    },
    {
      "rel": [
        "via"
      ],
      "href": "https://staging-estrella.viessmann-platform.io/estrella/rest/v1.0/installations/291/gateways/7123456789123456/devices/0/features/heating.circuits.1.operating.modes.active"
    }
  ],
  "properties": {
    "value": {
      "value": "dhwAndHeating",
      "type": "string"
    }
  },
  "entities": [
    {
      "rel": [
        "http://schema.viessmann.com/link-relations#feature-meta-information"
      ],
      "properties": {
        "apiVersion": 1,
        "isEnabled": true,
        "isReady": true,
        "gatewayId": "7123456789123456",
        "timestamp": "2017-12-22T12:19:05.613Z",
        "uri": "/v1/gateways/7123456789123456/devices/0/features/heating.circuits.1.operating.modes.active",
        "feature": "heating.circuits.1.operating.modes.active",
        "deviceId": "0"
      }
    }
  ],
  "class": [
    "heating.circuits.1.operating.modes.active",
    "feature"
  ]
}
