        {
            "actions": [],
            "class": [
                "heating.power.consumption.total",
                "feature"
            ],
            "entities": [
                {
                    "properties": {
                        "apiVersion": 1,
                        "deviceId": "0",
                        "feature": "heating.power.consumption.total",
                        "gatewayId": "7571381632451104",
                        "isEnabled": true,
                        "isReady": true,
                        "timestamp": "2019-11-15T11:24:28.477Z",
                        "uri": "/v1/gateways/7571381632451104/devices/0/features/heating.power.consumption.total"
                    },
                    "rel": [
                        "http://schema.viessmann.com/link-relations#feature-meta-information",
                        "https://wiki.viessmann.com/display/VPL/Relations#Relations-feature-meta-information",
                        "https://wiki.viessmann.com/display/VPL/Amounts#Amounts-unique"
                    ]
                }
            ],
            "links": [
                {
                    "href": "https://api.viessmann-platform.io/operational-data/v1/installations/161119/gateways/7571381632451104/devices/0/features/heating.power.consumption.total",
                    "rel": [
                        "self"
                    ]
                },
                {
                    "href": "https://api.viessmann-platform.io/operational-data/v1/installations/161119/gateways/7571381632451104/devices/0/features",
                    "rel": [
                        "up"
                    ]
                },
                {
                    "href": "/operational-data/installations/161119/gateways/7571381632451104/devices/0/features/heating.power.consumption.total",
                    "rel": [
                        "http://schema.viessmann.com/link-relations#live-updates",
                        "https://wiki.viessmann.com/display/VPL/Relations#Relations-live-updates"
                    ]
                }
            ],
            "properties": {
                "day": {
                    "type": "array",
                    "value": [
                        0.535,
                        0.702,
                        0.777,
                        0.668,
                        0.818,
                        0.766,
                        0.863,
                        0.792
                    ]
                },
                "month": {
                    "type": "array",
                    "value": [
                        9.051,
                        13.357,
                        7.082,
                        4.921,
                        5.079,
                        4.622,
                        10.603,
                        10.997,
                        17.567,
                        21.498,
                        27.93,
                        23.383,
                        19.264
                    ]
                },
                "unit": {
                    "type": "string",
                    "value": "kilowattHour"
                },
                "week": {
                    "type": "array",
                    "value": [
                        2.543,
                        4.531,
                        4.957,
                        2.97,
                        2.199,
                        2.692,
                        2.772,
                        2.072,
                        1.771,
                        1.524,
                        1.336,
                        1.03,
                        1.122,
                        1.195,
                        1.142,
                        1.107,
                        1.001,
                        1.193,
                        1.337,
                        1.005,
                        0.996,
                        1.031,
                        1.181,
                        1.086,
                        1.446,
                        1.772,
                        2.544,
                        3.207,
                        2.8,
                        1.757,
                        2.079,
                        3.374,
                        2.944,
                        3.918,
                        3.313,
                        4.296,
                        4.063,
                        4.211,
                        5.053,
                        5.189,
                        6.042,
                        6.436,
                        7.427,
                        6.465,
                        6.049,
                        5.079,
                        5.753,
                        5.153,
                        5.715,
                        4.699,
                        5.237,
                        5.971,
                        4.106
                    ]
                },
                "year": {
                    "type": "array",
                    "value": [
                        132.682,
                        171.231,
                        208.753
                    ]
                }
            },
            "rel": [
                "http://schema.viessmann.com/link-relations#feature",
                "https://wiki.viessmann.com/display/VPL/Relations#Relations-feature",
                "https://wiki.viessmann.com/display/VPL/Amounts#Amounts-collection"
            ]
        },
