{
  "actions": [
    {
      "isExecutable": true,
      "href": "http://0.0.0.0:8082/operational-data/installations/demo/gateways/7123456789123456/devices/0/features/heating.circuits.0.operating.programs.reduced/setTemperature",
      "method": "POST",
      "title": "setTemperature",
      "name": "setTemperature",
      "fields": [
        {
          "name": "targetTemperature",
          "type": "number",
          "required": true,
          "min": 3,
          "max": 37,
          "stepping": 1
        }
      ]
    }
  ],
  "links": [
    {
      "rel": [
        "self"
      ],
      "href": "http://0.0.0.0:8082/operational-data/installations/demo/gateways/7123456789123456/devices/0/features/heating.circuits.0.operating.programs.reduced"
    },
    {
      "rel": [
        "up"
      ],
      "href": "http://0.0.0.0:8082/operational-data/installations/demo/gateways/7123456789123456/devices/0/features"
    },
    {
      "rel": [
        "http://schema.viessmann.com/link-relations#live-updates"
      ],
      "href": "/operational-data/installations/demo/gateways/7123456789123456/devices/0/features/heating.circuits.0.operating.programs.reduced"
    },
    {
      "rel": [
        "via"
      ],
      "href": "https://staging-estrella.viessmann-platform.io/estrella/rest/v1.0/installations/demo/gateways/7123456789123456/devices/0/features/heating.circuits.0.operating.programs.reduced"
    }
  ],
  "properties": {
    "active": {
      "value": false,
      "type": "boolean"
    },
    "temperature": {
      "value": 21,
      "type": "number"
    }
  },
  "entities": [
    {
      "rel": [
        "http://schema.viessmann.com/link-relations#feature-meta-information"
      ],
      "properties": {
        "apiVersion": 1,
        "isEnabled": true,
        "isReady": true,
        "gatewayId": "7123456789123456",
        "timestamp": "2017-12-22T12:19:05.613Z",
        "uri": "/v1/gateways/7123456789123456/devices/0/features/heating.circuits.0.operating.programs.reduced",
        "feature": "heating.circuits.0.operating.programs.reduced",
        "deviceId": "0"
      }
    }
  ],
  "class": [
    "heating.circuits.0.operating.programs.reduced",
    "feature"
  ]
}