{
    "actions": [
                {
                "isExecutable": true,
                "href": "http://0.0.0.0:8082/operational-data/installations/291/gateways/7123456789123456/devices/0/features/heating.circuits.1.heating.schedule/setSchedule",
                "method": "POST",
                "title": "setSchedule",
                "name": "setSchedule",
                "fields": [
                           {
                           "name": "newSchedule",
                           "type": "Schedule",
                           "required": true,
                           "maxEntries": 4,
                           "resolution": 10,
                           "modes":[
                                    "normal"
                                    ],
                           "defaultMode": "reduced"
                           }
                           ]
                }
                ],
    "links": [
              {
              "rel": [
                      "self"
                      ],
              "href": "http://0.0.0.0:8082/operational-data/installations/291/gateways/7123456789123456/devices/0/features/heating.circuits.1.heating.schedule"
              },
              {
              "rel": [
                      "up"
                      ],
              "href": "http://0.0.0.0:8082/operational-data/installations/291/gateways/7123456789123456/devices/0/features"
              },
              {
              "rel": [
                      "http://schema.viessmann.com/link-relations#live-updates"
                      ],
              "href": "/operational-data/installations/291/gateways/7123456789123456/devices/0/features/heating.circuits.1.heating.schedule"
              },
              {
              "rel": [
                      "via"
                      ],
              "href": "https://staging-estrella.viessmann-platform.io/estrella/rest/v1.0/installations/291/gateways/7123456789123456/devices/0/features/heating.circuits.1.heating.schedule"
              }
              ],
    "properties": {
        "active": {
            "value": true,
            "type": "boolean"
        },
        "entries": {
            "value": {
                "mon": [
                        {
                        "start": "06:00",
                        "end": "08:00",
                        "mode": "normal",
                          "position": "0"
                        },
                        {
                        "start": "17:00",
                        "end": "23:00",
                        "mode": "normal",
                          "position": "1"
                        }
                        ],
                "tue": [
                        {
                        "start": "06:00",
                        "end": "08:00",
                        "mode": "normal",
                          "position": "0"
                        },
                        {
                        "start": "17:00",
                        "end": "23:00",
                        "mode": "normal",
                          "position": "1"
                        }
                        ],
                "wed": [
                        {
                        "start": "06:00",
                        "end": "08:00",
                        "mode": "normal",
                          "position": "0"
                        },
                        {
                        "start": "17:00",
                        "end": "23:00",
                        "mode": "normal",
                          "position": "1"
                        }
                        ],
                "thu": [
                        {
                        "start": "06:00",
                        "end": "08:00",
                        "mode": "normal",
                          "position": "0"
                        },
                        {
                        "start": "17:00",
                        "end": "23:00",
                        "mode": "normal",
                          "position": "1"
                        }
                        ],
                "fri": [
                        {
                        "start": "06:00",
                        "end": "08:00",
                        "mode": "normal",
                          "position": "0"
                        },
                        {
                        "start": "17:00",
                        "end": "23:00",
                        "mode": "normal",
                          "position": "1"

                        }
                        ],
                "sat": [
                        {
                        "start": "06:00",
                        "end": "08:00",
                        "mode": "normal",
                          "position": "0"
                        },
                        {
                        "start": "17:00",
                        "end": "23:00",
                        "mode": "normal",
                          "position": "1"
                        }
                        ],
                "sun": [
                        {
                        "start": "06:00",
                        "end": "08:00",
                        "mode": "normal",
                          "position": "0"
                        },
                        {
                        "start": "17:00",
                        "end": "23:00",
                        "mode": "normal",
                          "position": "1"
                        }
                        ]
            },
            "type": "Schedule"
        }
    },
    "entities": [
                 {
                 "rel": [
                         "http://schema.viessmann.com/link-relations#feature-meta-information"
                         ],
                 "properties": {
                 "apiVersion": 1,
                 "isEnabled": true,
                 "isReady": true,
                 "gatewayId": "7123456789123456",
                 "timestamp": "2017-12-22T12:19:05.613Z",
                 "uri": "/v1/gateways/7123456789123456/devices/0/features/heating.circuits.1.heating.schedule",
                 "feature": "heating.circuits.1.heating.schedule",
                 "deviceId": "0"
                 }
                 }
                 ],
    "class": [
              "heating.circuits.1.heating.schedule",
              "feature"
              ]
}
