{
  "actions": [
    {
      "isExecutable": true,
      "href": "http://0.0.0.0:8082/operational-data/installations/demo/gateways/7123456789123456/devices/0/features/heating.circuits.0.dhw.schedule/setSchedule",
      "method": "POST",
      "title": "setSchedule",
      "name": "setSchedule",
      "fields": [
        {
          "name": "newSchedule",
          "type": "Schedule",
          "required": true,
          "maxEntries": 4,
          "resolution": 10,
          "modes": [
            "on"
          ],
          "defaultMode": "off"
        }
      ]
    }
  ],
  "links": [
    {
      "rel": [
        "self"
      ],
      "href": "http://0.0.0.0:8082/operational-data/installations/demo/gateways/7123456789123456/devices/0/features/heating.circuits.0.dhw.schedule"
    },
    {
      "rel": [
        "up"
      ],
      "href": "http://0.0.0.0:8082/operational-data/installations/demo/gateways/7123456789123456/devices/0/features"
    },
    {
      "rel": [
        "http://schema.viessmann.com/link-relations#live-updates"
      ],
      "href": "/operational-data/installations/demo/gateways/7123456789123456/devices/0/features/heating.circuits.0.dhw.schedule"
    },
    {
      "rel": [
        "via"
      ],
      "href": "https://staging-estrella.viessmann-platform.io/estrella/rest/v1.0/installations/demo/gateways/7123456789123456/devices/0/features/heating.circuits.0.dhw.schedule"
    }
  ],
  "properties": {
    "active": {
      "value": false,
      "type": "boolean"
    },
    "entries": {
      "value": {
        "mon": [
          {
            "start": "03:00",
            "end": "24:00",
            "mode": "on",
            "position": 1
          }
        ],
        "tue": [
          {
            "start": "03:00",
            "end": "24:00",
            "mode": "on",
            "position": 3
          }
        ],
        "wed": [
          {
            "start": "02:00",
            "end": "24:00",
            "mode": "on",
            "position": 2
          }
        ],
        "thu": [
          {
            "start": "03:00",
            "end": "24:00",
            "mode": "on",
            "position": 0
          }
        ],
        "fri": [
          {
            "start": "03:00",
            "end": "24:00",
            "mode": "on",
            "position": 4
          }
        ],
        "sat": [
          {
            "start": "03:00",
            "end": "24:00",
            "mode": "on",
            "position": 0
          }
        ],
        "sun": [
          {
            "start": "03:00",
            "end": "24:00",
            "mode": "on",
            "position": 0
          }
        ]
      },
      "type": "Schedule"
    }
  },
  "entities": [
    {
      "rel": [
        "http://schema.viessmann.com/link-relations#feature-meta-information"
      ],
      "properties": {
        "apiVersion": 1,
        "isEnabled": true,
        "isReady": true,
        "gatewayId": "7123456789123456",
        "timestamp": "2017-12-22T12:19:05.613Z",
        "uri": "/v1/gateways/7123456789123456/devices/0/features/heating.circuits.0.dhw.schedule",
        "feature": "heating.circuits.0.dhw.schedule",
        "deviceId": "0"
      }
    }
  ],
  "class": [
    "heating.circuits.0.dhw.schedule",
    "feature"
  ]
}