        {
            "actions": [],
            "class": [
                "heating.solar.power.production",
                "feature"
            ],
            "entities": [
                {
                    "properties": {
                        "apiVersion": 1,
                        "deviceId": "0",
                        "feature": "heating.solar.power.production",
                        "gatewayId": "7571381632451104",
                        "isEnabled": true,
                        "isReady": true,
                        "timestamp": "2019-07-24T20:01:46.934Z",
                        "uri": "/v1/gateways/7571381632451104/devices/0/features/heating.solar.power.production"
                    },
                    "rel": [
                        "http://schema.viessmann.com/link-relations#feature-meta-information",
                        "https://wiki.viessmann.com/display/VPL/Relations#Relations-feature-meta-information",
                        "https://wiki.viessmann.com/display/VPL/Amounts#Amounts-unique"
                    ]
                }
            ],
            "links": [
                {
                    "href": "https://api.viessmann-platform.io/operational-data/v1/installations/161119/gateways/7571381632451104/devices/0/features/heating.solar.power.production",
                    "rel": [
                        "self"
                    ]
                },
                {
                    "href": "https://api.viessmann-platform.io/operational-data/v1/installations/161119/gateways/7571381632451104/devices/0/features",
                    "rel": [
                        "up"
                    ]
                },
                {
                    "href": "/operational-data/installations/161119/gateways/7571381632451104/devices/0/features/heating.solar.power.production",
                    "rel": [
                        "http://schema.viessmann.com/link-relations#live-updates",
                        "https://wiki.viessmann.com/display/VPL/Relations#Relations-live-updates"
                    ]
                }
            ],
            "properties": {
                "day": {
                    "type": "array",
                    "value": [
                        52.856,
                        62.374,
                        52.748,
                        69.124,
                        65.578,
                        17.946,
                        64.438,
                        53.384
                    ]
                },
                "month": {
                    "type": "array",
                    "value": []
                },
                "unit": {
                    "type": "string",
                    "value": "kilowattHour"
                },
                "week": {
                    "type": "array",
                    "value": []
                },
                "year": {
                    "type": "array",
                    "value": []
                }
            },
            "rel": [
                "http://schema.viessmann.com/link-relations#feature",
                "https://wiki.viessmann.com/display/VPL/Relations#Relations-feature",
                "https://wiki.viessmann.com/display/VPL/Amounts#Amounts-collection"
            ]
        },
