        {
            "actions": [],
            "class": [
                "heating.solar.statistics",
                "feature"
            ],
            "entities": [
                {
                    "properties": {
                        "apiVersion": 1,
                        "deviceId": "0",
                        "feature": "heating.solar.statistics",
                        "gatewayId": "7571381632451104",
                        "isEnabled": true,
                        "isReady": true,
                        "timestamp": "2019-09-10T07:44:53.420Z",
                        "uri": "/v1/gateways/7571381632451104/devices/0/features/heating.solar.statistics"
                    },
                    "rel": [
                        "http://schema.viessmann.com/link-relations#feature-meta-information",
                        "https://wiki.viessmann.com/display/VPL/Relations#Relations-feature-meta-information",
                        "https://wiki.viessmann.com/display/VPL/Amounts#Amounts-unique"
                    ]
                }
            ],
            "links": [
                {
                    "href": "https://api.viessmann-platform.io/operational-data/v1/installations/161119/gateways/7571381632451104/devices/0/features/heating.solar.statistics",
                    "rel": [
                        "self"
                    ]
                },
                {
                    "href": "https://api.viessmann-platform.io/operational-data/v1/installations/161119/gateways/7571381632451104/devices/0/features",
                    "rel": [
                        "up"
                    ]
                },
                {
                    "href": "/operational-data/installations/161119/gateways/7571381632451104/devices/0/features/heating.solar.statistics",
                    "rel": [
                        "http://schema.viessmann.com/link-relations#live-updates",
                        "https://wiki.viessmann.com/display/VPL/Relations#Relations-live-updates"
                    ]
                }
            ],
            "properties": {
                "hours": {
                    "type": "number",
                    "value": 4393
                }
            },
            "rel": [
                "http://schema.viessmann.com/link-relations#feature",
                "https://wiki.viessmann.com/display/VPL/Relations#Relations-feature",
                "https://wiki.viessmann.com/display/VPL/Amounts#Amounts-collection"
            ]
        }
