        {
            "actions": [],
            "class": [
                "heating.power.consumption",
                "feature"
            ],
            "entities": [
                {
                    "properties": {
                        "apiVersion": 1,
                        "deviceId": "0",
                        "feature": "heating.power.consumption",
                        "gatewayId": "7571381632451104",
                        "isEnabled": true,
                        "isReady": true,
                        "timestamp": "2019-07-24T20:01:46.931Z",
                        "uri": "/v1/gateways/7571381632451104/devices/0/features/heating.power.consumption"
                    },
                    "rel": [
                        "http://schema.viessmann.com/link-relations#feature-meta-information",
                        "https://wiki.viessmann.com/display/VPL/Relations#Relations-feature-meta-information",
                        "https://wiki.viessmann.com/display/VPL/Amounts#Amounts-unique"
                    ]
                }
            ],
            "links": [
                {
                    "href": "https://api.viessmann-platform.io/operational-data/v1/installations/161119/gateways/7571381632451104/devices/0/features/heating.power.consumption",
                    "rel": [
                        "self"
                    ]
                },
                {
                    "href": "https://api.viessmann-platform.io/operational-data/v1/installations/161119/gateways/7571381632451104/devices/0/features",
                    "rel": [
                        "up"
                    ]
                },
                {
                    "href": "/operational-data/installations/161119/gateways/7571381632451104/devices/0/features/heating.power.consumption",
                    "rel": [
                        "http://schema.viessmann.com/link-relations#live-updates",
                        "https://wiki.viessmann.com/display/VPL/Relations#Relations-live-updates"
                    ]
                }
            ],
            "properties": {
                "day": {
                    "type": "array",
                    "value": [
                        0.13,
                        0.144,
                        0.144,
                        0.144,
                        0.168,
                        0.156,
                        0.156,
                        0.164
                    ]
                },
                "month": {
                    "type": "array",
                    "value": [
                        3.842,
                        4.622,
                        10.603,
                        10.997,
                        17.567,
                        21.498,
                        27.93,
                        23.383,
                        19.264,
                        12.707,
                        6.035,
                        4.862,
                        4.618
                    ]
                },
                "unit": {
                    "type": "string",
                    "value": "kilowattHour"
                },
                "week": {
                    "type": "array",
                    "value": [
                        0.297,
                        1.193,
                        1.337,
                        1.005,
                        0.996,
                        1.031,
                        1.181,
                        1.086,
                        1.446,
                        1.772,
                        2.544,
                        3.207,
                        2.8,
                        1.757,
                        2.079,
                        3.374,
                        2.944,
                        3.918,
                        3.313,
                        4.296,
                        4.063,
                        4.211,
                        5.053,
                        5.189,
                        6.042,
                        6.436,
                        7.427,
                        6.465,
                        6.049,
                        5.079,
                        5.753,
                        5.153,
                        5.715,
                        4.699,
                        5.237,
                        5.971,
                        4.106,
                        2.991,
                        4.08,
                        3.608,
                        2.108,
                        1.672,
                        3.608,
                        1.761,
                        1.235,
                        1.307,
                        1.317,
                        1.278,
                        1.13,
                        1.154,
                        1.008,
                        1.026,
                        1.009
                    ]
                },
                "year": {
                    "type": "array",
                    "value": [
                        97.071,
                        171.231,
                        208.753
                    ]
                }
            },
            "rel": [
                "http://schema.viessmann.com/link-relations#feature",
                "https://wiki.viessmann.com/display/VPL/Relations#Relations-feature",
                "https://wiki.viessmann.com/display/VPL/Amounts#Amounts-collection"
            ]
        }
      
