{
  "actions": [],
  "links": [
    {
      "rel": [
        "self"
      ],
      "href": "http://0.0.0.0:8082/operational-data/installations/demo/gateways/7123456789123456/devices/0/features/heating.circuits"
    },
    {
      "rel": [
        "up"
      ],
      "href": "http://0.0.0.0:8082/operational-data/installations/demo/gateways/7123456789123456/devices/0/features"
    },
    {
      "rel": [
        "http://schema.viessmann.com/link-relations#live-updates"
      ],
      "href": "/operational-data/installations/demo/gateways/7123456789123456/devices/0/features/heating.circuits"
    },
    {
      "rel": [
        "via"
      ],
      "href": "https://staging-estrella.viessmann-platform.io/estrella/rest/v1.0/installations/demo/gateways/7123456789123456/devices/0/features/heating.circuits"
    }
  ],
  "properties": {
    "enabled": {
      "value": [
        "0",
        "1"
      ],
      "type": "array"
    }
  },
  "entities": [
    {
      "rel": [
        "http://schema.viessmann.com/link-relations#feature-meta-information"
      ],
      "properties": {
        "apiVersion": 1,
        "isEnabled": true,
        "isReady": true,
        "gatewayId": "7123456789123456",
        "timestamp": "2017-12-22T12:19:05.613Z",
        "uri": "/v1/gateways/7123456789123456/devices/0/features/heating.circuits",
        "feature": "heating.circuits",
        "deviceId": "0"
      }
    },
    {
      "rel": [
        "http://schema.viessmann.com/link-relations#0",
        "http://schema.viessmann.com/link-relations#feature-component"
      ],
      "href": "http://0.0.0.0:8082/operational-data/installations/demo/gateways/7123456789123456/devices/0/features/heating.circuits.0"
    },
    {
      "rel": [
        "http://schema.viessmann.com/link-relations#1",
        "http://schema.viessmann.com/link-relations#feature-component"
      ],
      "href": "http://0.0.0.0:8082/operational-data/installations/demo/gateways/7123456789123456/devices/0/features/heating.circuits.1"
    },
    {
      "rel": [
        "http://schema.viessmann.com/link-relations#2",
        "http://schema.viessmann.com/link-relations#feature-component"
      ],
      "href": "http://0.0.0.0:8082/operational-data/installations/demo/gateways/7123456789123456/devices/0/features/heating.circuits.2"
    },
    {
      "rel": [
        "http://schema.viessmann.com/link-relations#3",
        "http://schema.viessmann.com/link-relations#feature-component"
      ],
      "href": "http://0.0.0.0:8082/operational-data/installations/demo/gateways/7123456789123456/devices/0/features/heating.circuits.3"
    },
    {
      "rel": [
        "http://schema.viessmann.com/link-relations#feature-components"
      ],
      "properties": {
        "components": [
          "0",
          "1",
          "2",
          "N"
        ]
      }
    }
  ],
  "class": [
    "heating.circuits",
    "feature"
  ]
}