{
  "actions": [],
  "links": [
    {
      "rel": [
        "self"
      ],
      "href": "http://0.0.0.0:8082/operational-data/installations/291/gateways/7123456789123456/devices/0/features/heating.circuits.1"
    },
    {
      "rel": [
        "up"
      ],
      "href": "http://0.0.0.0:8082/operational-data/installations/291/gateways/7123456789123456/devices/0/features"
    },
    {
      "rel": [
        "http://schema.viessmann.com/link-relations#live-updates"
      ],
      "href": "/operational-data/installations/291/gateways/7123456789123456/devices/0/features/heating.circuits.1"
    },
    {
      "rel": [
        "via"
      ],
      "href": "https://staging-estrella.viessmann-platform.io/estrella/rest/v1.0/installations/291/gateways/7123456789123456/devices/0/features/heating.circuits.1"
    }
  ],
  "properties": {
    "active": {
      "value": true,
      "type": "boolean"
    }
  },
  "entities": [
    {
      "rel": [
        "http://schema.viessmann.com/link-relations#feature-meta-information"
      ],
      "properties": {
        "apiVersion": 1,
        "isEnabled": true,
        "isReady": true,
        "gatewayId": "7123456789123456",
        "timestamp": "2017-12-22T12:19:05.613Z",
        "uri": "/v1/gateways/7123456789123456/devices/0/features/heating.circuits.1",
        "feature": "heating.circuits.1",
        "deviceId": "0"
      }
    },
    {
      "rel": [
        "http://schema.viessmann.com/link-relations#0",
        "http://schema.viessmann.com/link-relations#feature-component"
      ],
      "href": "http://0.0.0.0:8082/operational-data/installations/291/gateways/7123456789123456/devices/0/features/heating.circuits.1.0"
    },
    {
      "rel": [
        "http://schema.viessmann.com/link-relations#1",
        "http://schema.viessmann.com/link-relations#feature-component"
      ],
      "href": "http://0.0.0.0:8082/operational-data/installations/291/gateways/7123456789123456/devices/0/features/heating.circuits.1.1"
    },
    {
      "rel": [
        "http://schema.viessmann.com/link-relations#2",
        "http://schema.viessmann.com/link-relations#feature-component"
      ],
      "href": "http://0.0.0.0:8082/operational-data/installations/291/gateways/7123456789123456/devices/0/features/heating.circuits.1.2"
    },
    {
      "rel": [
        "http://schema.viessmann.com/link-relations#3",
        "http://schema.viessmann.com/link-relations#feature-component"
      ],
      "href": "http://0.0.0.0:8082/operational-data/installations/291/gateways/7123456789123456/devices/0/features/heating.circuits.1.3"
    },
    {
      "rel": [
        "http://schema.viessmann.com/link-relations#4",
        "http://schema.viessmann.com/link-relations#feature-component"
      ],
      "href": "http://0.0.0.0:8082/operational-data/installations/291/gateways/7123456789123456/devices/0/features/heating.circuits.1.4"
    },
    {
      "rel": [
        "http://schema.viessmann.com/link-relations#5",
        "http://schema.viessmann.com/link-relations#feature-component"
      ],
      "href": "http://0.0.0.0:8082/operational-data/installations/291/gateways/7123456789123456/devices/0/features/heating.circuits.1.5"
    },
    {
      "rel": [
        "http://schema.viessmann.com/link-relations#feature-components"
      ],
      "properties": {
        "components": [
          "circulation",
          "dhw",
          "frostprotection",
          "heating",
          "operating",
          "sensors"
        ]
      }
    }
  ],
  "class": [
    "heating.circuits.1",
    "feature"
  ]
}